,dewpoint,latitude,longitude,observationTimeUtcIso,precipitationRate,pressure,relativeHumidity,temperature,windDirection,windSpeed
0,22.4,-6.235,106.773,2021-01-01T00:00:00+0000,0.014,1011.3,81.7,25.8,246.5,7.9
1,22.3,-6.235,106.773,2021-01-01T01:00:00+0000,0.0,1011.7,73.1,27.6,244.3,8.5
2,21.8,-6.235,106.773,2021-01-01T02:00:00+0000,0.0,1011.9,64.6,29.1,256.8,9.2
3,21.3,-6.235,106.773,2021-01-01T03:00:00+0000,0.0,1011.1,57.6,30.7,269.5,11.4
4,21.1,-6.235,106.773,2021-01-01T04:00:00+0000,0.043,1010.5,55.0,31.2,274.0,13.9
5,21.1,-6.235,106.773,2021-01-01T05:00:00+0000,0.155,1009.9,53.3,31.8,275.8,15.6
6,21.2,-6.235,106.773,2021-01-01T06:00:00+0000,0.212,1009.4,53.4,31.9,273.1,16.8
7,21.3,-6.235,106.773,2021-01-01T07:00:00+0000,0.371,1009.3,54.9,31.5,274.5,17.9
8,21.4,-6.235,106.773,2021-01-01T08:00:00+0000,0.407,1009.0,56.7,31.1,266.7,15.9
9,21.6,-6.235,106.773,2021-01-01T09:00:00+0000,0.562,1008.9,59.2,30.4,258.7,14.0
10,21.7,-6.235,106.773,2021-01-01T10:00:00+0000,0.245,1009.3,63.2,29.4,251.8,12.7
11,21.9,-6.235,106.773,2021-01-01T11:00:00+0000,0.054,1009.8,70.5,27.8,243.9,10.0
12,21.9,-6.235,106.773,2021-01-01T12:00:00+0000,0.004,1010.3,74.1,27.0,232.4,10.3
13,21.7,-6.235,106.773,2021-01-01T13:00:00+0000,0.0,1011.0,75.5,26.4,228.2,11.4
14,21.6,-6.235,106.773,2021-01-01T14:00:00+0000,0.0,1011.1,76.7,26.0,225.0,12.4
15,21.5,-6.235,106.773,2021-01-01T15:00:00+0000,0.0,1011.2,77.7,25.7,228.6,12.5
16,21.5,-6.235,106.773,2021-01-01T16:00:00+0000,0.0,1011.0,78.9,25.5,224.5,11.3
17,21.5,-6.235,106.773,2021-01-01T17:00:00+0000,0.0,1010.8,80.3,25.2,213.5,10.1
18,21.5,-6.235,106.773,2021-01-01T18:00:00+0000,0.0,1010.6,81.6,24.8,198.2,9.6
19,21.2,-6.235,106.773,2021-01-01T19:00:00+0000,0.0,1010.4,81.3,24.7,197.9,10.5
20,21.2,-6.235,106.773,2021-01-01T20:00:00+0000,0.0,1009.8,82.3,24.4,200.4,10.0
21,21.2,-6.235,106.773,2021-01-01T21:00:00+0000,0.0,1009.7,83.5,24.2,204.3,9.2
22,21.2,-6.235,106.773,2021-01-01T22:00:00+0000,0.0,1010.3,84.7,24.0,199.1,8.6
23,21.3,-6.235,106.773,2021-01-01T23:00:00+0000,0.0,1010.9,85.5,23.9,193.7,8.1
24,21.5,-6.235,106.773,2021-01-02T00:00:00+0000,0.0,1011.5,79.4,25.3,191.3,7.3
25,21.7,-6.235,106.773,2021-01-02T01:00:00+0000,0.0,1011.9,68.7,28.1,292.5,6.7
26,21.7,-6.235,106.773,2021-01-02T02:00:00+0000,0.0,1012.2,61.6,29.8,305.5,9.3
27,21.6,-6.235,106.773,2021-01-02T03:00:00+0000,0.0,1011.8,57.6,31.0,311.7,10.6
28,21.7,-6.235,106.773,2021-01-02T04:00:00+0000,0.533,1011.1,56.6,31.4,318.9,10.4
29,21.8,-6.235,106.773,2021-01-02T05:00:00+0000,0.655,1010.4,55.8,31.8,326.1,9.9
30,22.0,-6.235,106.773,2021-01-02T06:00:00+0000,1.08,1009.8,56.0,31.9,329.9,8.4
31,22.1,-6.235,106.773,2021-01-02T07:00:00+0000,0.792,1009.4,56.4,31.9,335.2,5.3
32,22.2,-6.235,106.773,2021-01-02T08:00:00+0000,0.54,1009.0,57.6,31.7,325.6,4.1
33,22.3,-6.235,106.773,2021-01-02T09:00:00+0000,0.407,1008.9,61.0,30.6,310.5,4.5
34,22.4,-6.235,106.773,2021-01-02T10:00:00+0000,0.709,1009.1,65.6,29.6,306.4,5.6
35,22.9,-6.235,106.773,2021-01-02T11:00:00+0000,0.594,1009.6,73.6,28.1,312.9,5.6
36,22.9,-6.235,106.773,2021-01-02T12:00:00+0000,0.22,1010.2,77.6,27.2,306.9,6.7
37,22.8,-6.235,106.773,2021-01-02T13:00:00+0000,0.0,1011.0,78.2,26.9,282.0,8.1
38,22.8,-6.235,106.773,2021-01-02T14:00:00+0000,0.0,1011.5,79.3,26.6,263.2,7.6
39,22.7,-6.235,106.773,2021-01-02T15:00:00+0000,0.0,1011.7,80.9,26.2,236.9,7.8
40,22.6,-6.235,106.773,2021-01-02T16:00:00+0000,0.0,1011.7,82.2,25.9,224.4,7.7
41,22.5,-6.235,106.773,2021-01-02T17:00:00+0000,0.0,1011.4,83.6,25.5,213.9,7.9
42,22.3,-6.235,106.773,2021-01-02T18:00:00+0000,0.0,1010.9,84.4,25.2,208.9,8.1
43,22.0,-6.235,106.773,2021-01-02T19:00:00+0000,0.0,1010.1,83.7,25.0,208.6,9.9
44,21.8,-6.235,106.773,2021-01-02T20:00:00+0000,0.0,1009.9,83.9,24.7,204.8,9.6
45,21.6,-6.235,106.773,2021-01-02T21:00:00+0000,0.0,1009.9,84.3,24.4,200.1,9.2
46,21.5,-6.235,106.773,2021-01-02T22:00:00+0000,0.0,1010.2,85.5,24.1,197.3,8.9
47,21.4,-6.235,106.773,2021-01-02T23:00:00+0000,0.0,1010.6,86.2,23.9,194.3,8.6
48,21.6,-6.235,106.773,2021-01-03T00:00:00+0000,0.0,1011.1,80.0,25.4,195.9,7.9
49,21.6,-6.235,106.773,2021-01-03T01:00:00+0000,0.0,1010.9,67.0,28.3,232.5,6.6
50,21.1,-6.235,106.773,2021-01-03T02:00:00+0000,0.0,1011.1,56.1,30.8,253.9,6.1
51,21.0,-6.235,106.773,2021-01-03T03:00:00+0000,0.0,1011.0,50.2,32.7,279.5,6.1
52,21.1,-6.235,106.773,2021-01-03T04:00:00+0000,0.043,1010.4,49.7,33.0,290.7,8.2
53,21.5,-6.235,106.773,2021-01-03T05:00:00+0000,0.623,1009.9,51.4,32.9,300.0,10.2
54,22.2,-6.235,106.773,2021-01-03T06:00:00+0000,1.58,1009.4,55.2,32.3,299.8,10.8
55,22.2,-6.235,106.773,2021-01-03T07:00:00+0000,0.382,1009.2,59.0,31.2,291.2,9.0
56,22.3,-6.235,106.773,2021-01-03T08:00:00+0000,0.619,1008.9,58.2,31.5,278.4,9.8
57,22.3,-6.235,106.773,2021-01-03T09:00:00+0000,0.662,1008.4,58.6,31.5,269.0,10.8
58,22.4,-6.235,106.773,2021-01-03T10:00:00+0000,0.353,1008.5,61.3,30.7,260.9,10.3
59,22.5,-6.235,106.773,2021-01-03T11:00:00+0000,0.126,1008.7,68.6,28.9,257.6,8.6
60,22.4,-6.235,106.773,2021-01-03T12:00:00+0000,0.0,1009.2,72.4,27.8,248.8,9.2
61,21.3,-6.235,106.773,2021-01-03T13:00:00+0000,0.0,1009.9,72.1,26.8,228.0,12.1
62,21.1,-6.235,106.773,2021-01-03T14:00:00+0000,0.0,1010.5,73.8,26.2,219.6,11.5
63,20.9,-6.235,106.773,2021-01-03T15:00:00+0000,0.0,1011.3,75.0,25.7,217.0,10.6
64,20.8,-6.235,106.773,2021-01-03T16:00:00+0000,0.0,1011.0,75.6,25.4,213.5,10.5
65,20.6,-6.235,106.773,2021-01-03T17:00:00+0000,0.0,1010.7,76.3,25.1,208.8,10.2
66,20.4,-6.235,106.773,2021-01-03T18:00:00+0000,0.0,1010.5,77.0,24.8,202.3,9.8
67,20.2,-6.235,106.773,2021-01-03T19:00:00+0000,0.0,1009.9,77.0,24.5,200.5,9.9
68,20.1,-6.235,106.773,2021-01-03T20:00:00+0000,0.0,1009.6,77.3,24.4,193.1,9.4
69,20.1,-6.235,106.773,2021-01-03T21:00:00+0000,0.0,1009.7,77.6,24.2,193.7,9.2
70,20.1,-6.235,106.773,2021-01-03T22:00:00+0000,0.0,1010.0,78.2,24.1,195.0,7.9
71,20.1,-6.235,106.773,2021-01-03T23:00:00+0000,0.0,1010.5,78.5,24.1,196.4,7.1
72,20.4,-6.235,106.773,2021-01-04T00:00:00+0000,0.0,1011.0,72.8,25.7,201.0,6.3
73,21.0,-6.235,106.773,2021-01-04T01:00:00+0000,0.0,1011.3,64.6,28.3,238.2,7.5
74,21.0,-6.235,106.773,2021-01-04T02:00:00+0000,0.0,1011.4,57.7,30.3,265.8,11.3
75,21.4,-6.235,106.773,2021-01-04T03:00:00+0000,0.216,1011.0,55.8,31.3,273.9,14.7
76,21.6,-6.235,106.773,2021-01-04T04:00:00+0000,0.547,1010.5,55.1,31.7,287.2,15.9
77,21.7,-6.235,106.773,2021-01-04T05:00:00+0000,0.749,1009.9,55.5,31.7,295.2,15.9
78,21.9,-6.235,106.773,2021-01-04T06:00:00+0000,0.821,1009.2,57.0,31.4,299.8,14.5
79,21.7,-6.235,106.773,2021-01-04T07:00:00+0000,0.403,1008.5,55.5,31.7,292.2,12.7
80,21.5,-6.235,106.773,2021-01-04T08:00:00+0000,0.238,1008.0,53.3,32.2,293.8,12.2
81,21.4,-6.235,106.773,2021-01-04T09:00:00+0000,0.083,1007.4,53.9,32.0,292.9,10.8
82,21.6,-6.235,106.773,2021-01-04T10:00:00+0000,0.0,1007.8,57.1,31.1,292.7,9.3
83,22.1,-6.235,106.773,2021-01-04T11:00:00+0000,0.0,1008.2,65.5,29.3,294.9,6.7
84,22.2,-6.235,106.773,2021-01-04T12:00:00+0000,0.0,1008.9,70.5,28.0,285.2,6.6
85,21.8,-6.235,106.773,2021-01-04T13:00:00+0000,0.0,1010.0,71.9,27.4,237.4,7.1
86,21.8,-6.235,106.773,2021-01-04T14:00:00+0000,0.0,1010.3,73.2,27.0,226.7,7.7
87,21.8,-6.235,106.773,2021-01-04T15:00:00+0000,0.0,1010.6,75.0,26.6,216.5,7.4
88,21.9,-6.235,106.773,2021-01-04T16:00:00+0000,0.0,1010.4,76.9,26.2,212.9,6.6
89,21.9,-6.235,106.773,2021-01-04T17:00:00+0000,0.0,1010.2,78.8,25.9,207.6,6.4
90,22.0,-6.235,106.773,2021-01-04T18:00:00+0000,0.0,1009.8,80.5,25.6,202.6,6.8
91,22.0,-6.235,106.773,2021-01-04T19:00:00+0000,0.0,1009.3,81.6,25.4,206.4,6.3
92,22.0,-6.235,106.773,2021-01-04T20:00:00+0000,0.0,1008.9,82.3,25.2,206.3,7.6
93,22.0,-6.235,106.773,2021-01-04T21:00:00+0000,0.0,1008.6,83.0,25.1,207.4,7.7
94,21.9,-6.235,106.773,2021-01-04T22:00:00+0000,0.0,1009.1,83.4,25.0,200.0,7.5
95,22.0,-6.235,106.773,2021-01-04T23:00:00+0000,0.0,1009.7,83.5,25.0,192.5,7.0
96,22.1,-6.235,106.773,2021-01-05T00:00:00+0000,0.0,1010.1,78.1,26.2,188.4,6.6
97,22.1,-6.235,106.773,2021-01-05T01:00:00+0000,0.263,1010.9,67.2,28.8,294.3,1.2
98,21.9,-6.235,106.773,2021-01-05T02:00:00+0000,0.126,1010.9,64.7,29.3,339.8,8.0
99,22.2,-6.235,106.773,2021-01-05T03:00:00+0000,0.227,1010.3,62.5,30.2,336.9,10.6
100,22.4,-6.235,106.773,2021-01-05T04:00:00+0000,0.191,1009.7,60.7,30.9,341.7,11.3
101,22.5,-6.235,106.773,2021-01-05T05:00:00+0000,0.202,1009.1,59.8,31.3,344.5,12.0
102,22.4,-6.235,106.773,2021-01-05T06:00:00+0000,0.115,1008.6,58.6,31.6,349.3,11.7
103,22.4,-6.235,106.773,2021-01-05T07:00:00+0000,0.144,1008.4,58.0,31.6,337.0,11.8
104,22.4,-6.235,106.773,2021-01-05T08:00:00+0000,0.187,1008.2,61.0,30.8,340.4,12.4
105,22.4,-6.235,106.773,2021-01-05T09:00:00+0000,0.155,1008.0,62.9,30.3,339.3,11.1
106,22.5,-6.235,106.773,2021-01-05T10:00:00+0000,0.047,1008.5,65.2,29.8,343.4,9.4
107,22.8,-6.235,106.773,2021-01-05T11:00:00+0000,0.007,1009.0,71.5,28.4,347.9,6.6
108,22.9,-6.235,106.773,2021-01-05T12:00:00+0000,0.0,1009.5,76.6,27.4,346.6,5.3
109,23.1,-6.235,106.773,2021-01-05T13:00:00+0000,0.0,1010.2,80.5,26.8,315.7,2.2
110,23.2,-6.235,106.773,2021-01-05T14:00:00+0000,0.0,1010.8,82.0,26.5,294.9,1.6
111,23.2,-6.235,106.773,2021-01-05T15:00:00+0000,0.054,1011.1,83.6,26.2,283.5,0.9
112,23.2,-6.235,106.773,2021-01-05T16:00:00+0000,0.076,1010.8,85.0,25.9,171.3,1.4
113,23.1,-6.235,106.773,2021-01-05T17:00:00+0000,0.086,1010.4,85.3,25.7,165.1,2.9
114,22.9,-6.235,106.773,2021-01-05T18:00:00+0000,0.022,1009.9,85.8,25.5,161.8,3.2
115,22.8,-6.235,106.773,2021-01-05T19:00:00+0000,0.0,1009.6,85.8,25.3,168.6,3.3
116,22.6,-6.235,106.773,2021-01-05T20:00:00+0000,0.209,1009.5,85.9,25.2,167.1,3.9
117,22.6,-6.235,106.773,2021-01-05T21:00:00+0000,0.169,1009.6,86.1,25.0,168.3,4.4
118,22.5,-6.235,106.773,2021-01-05T22:00:00+0000,0.0,1009.8,86.3,24.9,167.5,5.2
119,22.4,-6.235,106.773,2021-01-05T23:00:00+0000,0.004,1010.1,85.8,24.9,166.2,6.0
120,22.4,-6.235,106.773,2021-01-06T00:00:00+0000,0.011,1010.4,81.2,25.9,166.7,6.1
121,22.3,-6.235,106.773,2021-01-06T01:00:00+0000,0.0,1010.8,73.2,27.6,158.3,3.8
122,22.2,-6.235,106.773,2021-01-06T02:00:00+0000,0.0,1011.2,62.5,30.1,310.5,1.9
123,22.0,-6.235,106.773,2021-01-06T03:00:00+0000,0.216,1010.8,60.4,30.6,337.4,6.1
124,22.1,-6.235,106.773,2021-01-06T04:00:00+0000,0.173,1010.1,59.7,30.8,331.0,9.9
125,22.2,-6.235,106.773,2021-01-06T05:00:00+0000,0.259,1009.4,58.3,31.4,331.1,12.4
126,22.3,-6.235,106.773,2021-01-06T06:00:00+0000,0.259,1008.7,58.9,31.3,333.9,13.0
127,22.2,-6.235,106.773,2021-01-06T07:00:00+0000,0.112,1007.6,57.1,31.8,327.1,12.5
128,22.2,-6.235,106.773,2021-01-06T08:00:00+0000,0.551,1007.1,59.1,31.2,330.4,13.4
129,22.6,-6.235,106.773,2021-01-06T09:00:00+0000,1.292,1007.2,63.6,30.2,328.6,14.0
130,22.8,-6.235,106.773,2021-01-06T10:00:00+0000,0.58,1007.6,68.3,29.2,328.1,12.6
131,23.0,-6.235,106.773,2021-01-06T11:00:00+0000,0.112,1008.1,75.2,27.8,327.9,9.9
132,23.1,-6.235,106.773,2021-01-06T12:00:00+0000,0.011,1008.7,79.0,27.1,325.8,9.2
133,23.4,-6.235,106.773,2021-01-06T13:00:00+0000,0.288,1009.0,81.9,26.8,315.2,7.9
134,23.7,-6.235,106.773,2021-01-06T14:00:00+0000,0.986,1009.4,84.6,26.5,317.7,8.2
135,23.8,-6.235,106.773,2021-01-06T15:00:00+0000,1.123,1009.7,86.9,26.2,312.1,6.9
136,23.8,-6.235,106.773,2021-01-06T16:00:00+0000,0.209,1009.8,87.5,26.0,308.9,6.2
137,23.8,-6.235,106.773,2021-01-06T17:00:00+0000,1.318,1009.7,88.5,25.9,303.4,5.7
138,23.8,-6.235,106.773,2021-01-06T18:00:00+0000,1.109,1009.5,89.5,25.7,299.9,4.8
139,23.8,-6.235,106.773,2021-01-06T19:00:00+0000,0.515,1009.1,90.3,25.5,287.4,3.0
140,23.8,-6.235,106.773,2021-01-06T20:00:00+0000,1.451,1008.5,91.0,25.4,289.5,1.2
141,23.7,-6.235,106.773,2021-01-06T21:00:00+0000,1.426,1008.5,92.2,25.1,301.2,1.6
142,23.5,-6.235,106.773,2021-01-06T22:00:00+0000,2.052,1008.7,91.4,25.0,334.9,5.1
143,23.5,-6.235,106.773,2021-01-06T23:00:00+0000,2.477,1009.1,91.0,25.0,342.9,9.5
144,23.5,-6.235,106.773,2021-01-07T00:00:00+0000,5.99,1009.7,91.4,25.0,330.3,12.4
145,23.1,-6.235,106.773,2021-01-07T01:00:00+0000,4.9,1010.7,90.8,24.7,305.7,10.2
146,23.2,-6.235,106.773,2021-01-07T02:00:00+0000,2.401,1010.7,90.4,24.8,295.5,9.0
147,23.3,-6.235,106.773,2021-01-07T03:00:00+0000,1.015,1010.5,88.2,25.4,289.5,7.6
148,23.4,-6.235,106.773,2021-01-07T04:00:00+0000,0.41,1010.1,85.3,26.0,283.1,7.0
149,23.3,-6.235,106.773,2021-01-07T05:00:00+0000,0.22,1009.6,82.8,26.4,284.5,5.9
150,23.3,-6.235,106.773,2021-01-07T06:00:00+0000,0.104,1009.4,79.8,27.1,277.5,3.3
151,23.1,-6.235,106.773,2021-01-07T07:00:00+0000,0.101,1009.1,80.7,26.7,190.6,1.2
152,23.0,-6.235,106.773,2021-01-07T08:00:00+0000,0.065,1008.7,81.1,26.5,178.4,3.8
153,23.0,-6.235,106.773,2021-01-07T09:00:00+0000,0.029,1008.2,81.5,26.4,166.7,5.0
154,22.8,-6.235,106.773,2021-01-07T10:00:00+0000,0.036,1008.1,82.7,26.0,164.5,5.8
155,22.3,-6.235,106.773,2021-01-07T11:00:00+0000,0.022,1008.3,83.6,25.3,168.0,6.7
156,21.8,-6.235,106.773,2021-01-07T12:00:00+0000,0.007,1008.8,82.6,25.0,175.1,7.2
157,22.1,-6.235,106.773,2021-01-07T13:00:00+0000,0.0,1009.2,84.2,24.9,186.9,2.7
158,21.7,-6.235,106.773,2021-01-07T14:00:00+0000,0.0,1009.4,82.7,24.8,199.8,3.3
159,21.3,-6.235,106.773,2021-01-07T15:00:00+0000,0.0,1009.7,81.0,24.8,207.5,4.1
160,21.0,-6.235,106.773,2021-01-07T16:00:00+0000,0.0,1009.5,80.2,24.7,208.2,4.6
161,20.9,-6.235,106.773,2021-01-07T17:00:00+0000,0.0,1009.3,80.0,24.5,208.2,4.5
162,20.7,-6.235,106.773,2021-01-07T18:00:00+0000,0.0,1009.0,79.7,24.4,206.2,4.8
163,20.7,-6.235,106.773,2021-01-07T19:00:00+0000,0.0,1008.6,80.5,24.3,207.4,4.5
164,20.6,-6.235,106.773,2021-01-07T20:00:00+0000,0.0,1008.3,81.1,24.1,206.0,4.9
165,20.6,-6.235,106.773,2021-01-07T21:00:00+0000,0.0,1008.3,81.9,23.9,197.9,5.7
166,20.7,-6.235,106.773,2021-01-07T22:00:00+0000,0.0,1008.8,82.9,23.7,196.6,5.8
167,20.8,-6.235,106.773,2021-01-07T23:00:00+0000,0.0,1009.3,83.6,23.8,192.9,5.3
168,21.2,-6.235,106.773,2021-01-08T00:00:00+0000,0.0,1010.1,77.8,25.3,190.8,5.6
169,22.1,-6.235,106.773,2021-01-08T01:00:00+0000,0.0,1010.4,76.3,26.6,201.1,6.1
170,22.8,-6.235,106.773,2021-01-08T02:00:00+0000,0.0,1010.8,65.5,30.0,205.5,2.5
171,23.0,-6.235,106.773,2021-01-08T03:00:00+0000,0.065,1010.4,58.4,32.2,334.9,1.9
172,22.7,-6.235,106.773,2021-01-08T04:00:00+0000,0.108,1009.9,58.9,31.8,337.5,5.9
173,22.7,-6.235,106.773,2021-01-08T05:00:00+0000,0.151,1009.2,58.7,31.8,330.2,7.5
174,22.7,-6.235,106.773,2021-01-08T06:00:00+0000,0.086,1008.6,58.8,31.8,317.2,8.0
175,23.0,-6.235,106.773,2021-01-08T07:00:00+0000,0.817,1008.1,63.8,30.7,318.8,12.2
176,23.1,-6.235,106.773,2021-01-08T08:00:00+0000,0.277,1007.6,66.7,30.0,306.0,9.4
177,23.1,-6.235,106.773,2021-01-08T09:00:00+0000,0.083,1007.4,66.1,30.1,289.2,6.7
178,23.0,-6.235,106.773,2021-01-08T10:00:00+0000,0.076,1007.7,67.9,29.6,269.4,7.0
179,23.3,-6.235,106.773,2021-01-08T11:00:00+0000,0.115,1008.3,75.0,28.1,257.0,6.9
180,23.1,-6.235,106.773,2021-01-08T12:00:00+0000,0.014,1008.8,78.5,27.2,246.5,8.5
181,22.8,-6.235,106.773,2021-01-08T13:00:00+0000,0.0,1009.2,79.6,26.6,244.9,5.8
182,22.6,-6.235,106.773,2021-01-08T14:00:00+0000,0.0,1009.9,80.1,26.3,230.7,7.4
183,22.6,-6.235,106.773,2021-01-08T15:00:00+0000,0.0,1010.5,81.3,26.0,218.5,7.6
184,22.5,-6.235,106.773,2021-01-08T16:00:00+0000,0.0,1010.4,82.5,25.7,215.8,8.5
185,22.5,-6.235,106.773,2021-01-08T17:00:00+0000,0.0,1010.3,83.7,25.4,211.3,9.3
186,22.5,-6.235,106.773,2021-01-08T18:00:00+0000,0.022,1009.9,84.7,25.3,208.9,9.6
187,22.9,-6.235,106.773,2021-01-08T19:00:00+0000,0.14,1009.4,87.0,25.2,198.3,8.5
188,22.8,-6.235,106.773,2021-01-08T20:00:00+0000,0.119,1008.9,87.9,25.0,190.2,9.3
189,22.7,-6.235,106.773,2021-01-08T21:00:00+0000,0.022,1008.3,88.2,24.8,185.9,9.2
190,22.7,-6.235,106.773,2021-01-08T22:00:00+0000,0.0,1008.5,88.9,24.6,183.8,8.6
191,22.7,-6.235,106.773,2021-01-08T23:00:00+0000,0.0,1008.8,90.3,24.3,186.7,8.3
192,22.9,-6.235,106.773,2021-01-09T00:00:00+0000,0.011,1009.4,85.6,25.5,193.7,7.7
193,23.3,-6.235,106.773,2021-01-09T01:00:00+0000,0.522,1009.9,78.3,27.4,222.5,7.7
194,23.4,-6.235,106.773,2021-01-09T02:00:00+0000,1.422,1010.4,71.4,29.2,262.0,7.3
195,23.7,-6.235,106.773,2021-01-09T03:00:00+0000,0.767,1010.3,70.5,29.6,286.1,7.9
196,23.7,-6.235,106.773,2021-01-09T04:00:00+0000,0.414,1010.0,76.5,28.3,274.4,9.4
197,23.8,-6.235,106.773,2021-01-09T05:00:00+0000,0.655,1009.6,81.6,27.3,268.4,10.4
198,23.8,-6.235,106.773,2021-01-09T06:00:00+0000,1.512,1009.4,85.5,26.4,265.1,10.9
199,23.7,-6.235,106.773,2021-01-09T07:00:00+0000,2.682,1009.0,89.3,25.6,272.4,11.3
200,23.7,-6.235,106.773,2021-01-09T08:00:00+0000,4.525,1008.7,91.4,25.2,266.5,10.7
201,23.6,-6.235,106.773,2021-01-09T09:00:00+0000,4.738,1008.4,92.1,24.9,266.0,10.4
202,23.6,-6.235,106.773,2021-01-09T10:00:00+0000,4.414,1008.6,92.4,24.9,276.5,9.2
203,23.5,-6.235,106.773,2021-01-09T11:00:00+0000,3.712,1008.9,92.5,24.8,279.0,9.4
204,23.4,-6.235,106.773,2021-01-09T12:00:00+0000,1.768,1009.3,92.1,24.8,279.5,10.7
205,23.4,-6.235,106.773,2021-01-09T13:00:00+0000,0.508,1010.1,91.6,24.9,255.1,6.4
206,23.3,-6.235,106.773,2021-01-09T14:00:00+0000,0.032,1010.2,90.7,24.9,254.5,8.9
207,23.1,-6.235,106.773,2021-01-09T15:00:00+0000,0.0,1010.4,90.9,24.6,247.6,8.1
208,23.1,-6.235,106.773,2021-01-09T16:00:00+0000,0.007,1010.7,90.0,24.8,245.4,8.0
209,23.0,-6.235,106.773,2021-01-09T17:00:00+0000,0.191,1010.5,89.8,24.8,242.8,8.3
210,22.9,-6.235,106.773,2021-01-09T18:00:00+0000,0.385,1010.1,89.8,24.7,241.5,9.3
211,22.5,-6.235,106.773,2021-01-09T19:00:00+0000,0.202,1009.4,88.8,24.5,239.7,11.7
212,22.3,-6.235,106.773,2021-01-09T20:00:00+0000,0.014,1008.6,88.4,24.4,242.1,11.5
213,22.2,-6.235,106.773,2021-01-09T21:00:00+0000,0.0,1008.4,88.5,24.3,240.7,9.8
214,22.2,-6.235,106.773,2021-01-09T22:00:00+0000,0.0,1008.8,89.0,24.1,230.6,8.6
215,22.1,-6.235,106.773,2021-01-09T23:00:00+0000,0.0,1009.2,89.5,24.0,227.0,7.9
216,22.6,-6.235,106.773,2021-01-10T00:00:00+0000,0.0,1009.7,84.3,25.4,228.3,7.5
217,22.5,-6.235,106.773,2021-01-10T01:00:00+0000,0.0,1010.0,77.3,26.8,233.8,9.7
218,22.5,-6.235,106.773,2021-01-10T02:00:00+0000,0.0,1010.4,72.4,27.9,234.7,10.6
219,22.5,-6.235,106.773,2021-01-10T03:00:00+0000,0.011,1010.5,70.9,28.3,244.6,11.9
220,22.5,-6.235,106.773,2021-01-10T04:00:00+0000,0.004,1009.9,70.8,28.3,253.2,14.8
221,22.5,-6.235,106.773,2021-01-10T05:00:00+0000,0.004,1009.4,69.1,28.7,253.7,16.4
222,22.5,-6.235,106.773,2021-01-10T06:00:00+0000,0.004,1008.8,65.4,29.7,253.6,16.9
223,23.0,-6.235,106.773,2021-01-10T07:00:00+0000,0.0,1008.1,64.8,30.4,267.9,14.8
224,23.3,-6.235,106.773,2021-01-10T08:00:00+0000,1.706,1007.8,68.2,29.8,263.2,13.8
225,23.6,-6.235,106.773,2021-01-10T09:00:00+0000,2.354,1007.8,72.7,29.0,257.8,13.3
226,23.7,-6.235,106.773,2021-01-10T10:00:00+0000,0.432,1008.2,75.7,28.4,256.5,12.0
227,23.5,-6.235,106.773,2021-01-10T11:00:00+0000,0.0,1008.4,81.8,26.9,252.9,10.9
228,23.2,-6.235,106.773,2021-01-10T12:00:00+0000,0.011,1009.1,84.0,26.1,247.6,11.0
229,22.7,-6.235,106.773,2021-01-10T13:00:00+0000,0.0,1009.8,84.2,25.5,245.0,10.7
230,22.5,-6.235,106.773,2021-01-10T14:00:00+0000,0.0,1010.4,84.8,25.3,240.2,10.4
231,22.5,-6.235,106.773,2021-01-10T15:00:00+0000,0.086,1010.8,85.7,25.0,231.9,9.1
232,22.4,-6.235,106.773,2021-01-10T16:00:00+0000,0.216,1010.8,86.7,24.8,225.9,7.9
233,22.4,-6.235,106.773,2021-01-10T17:00:00+0000,0.382,1010.7,87.8,24.6,219.6,7.6
234,22.3,-6.235,106.773,2021-01-10T18:00:00+0000,0.439,1010.3,88.7,24.3,217.8,7.5
235,22.8,-6.235,106.773,2021-01-10T19:00:00+0000,0.338,1009.3,90.3,24.5,230.7,7.7
236,22.7,-6.235,106.773,2021-01-10T20:00:00+0000,0.13,1008.6,90.4,24.4,216.6,8.0
237,22.6,-6.235,106.773,2021-01-10T21:00:00+0000,0.007,1008.5,90.4,24.2,205.5,7.8
238,22.5,-6.235,106.773,2021-01-10T22:00:00+0000,0.0,1009.2,90.6,24.1,199.4,7.8
239,22.3,-6.235,106.773,2021-01-10T23:00:00+0000,0.011,1009.8,91.8,23.8,196.7,7.6
240,22.7,-6.235,106.773,2021-01-11T00:00:00+0000,0.0,1010.4,86.6,25.1,199.3,8.0
241,22.9,-6.235,106.773,2021-01-11T01:00:00+0000,0.0,1011.2,78.5,27.0,236.2,8.2
242,22.7,-6.235,106.773,2021-01-11T02:00:00+0000,0.0,1011.3,70.6,28.6,259.7,9.6
243,22.8,-6.235,106.773,2021-01-11T03:00:00+0000,0.13,1010.8,65.5,30.0,266.7,10.6
244,22.8,-6.235,106.773,2021-01-11T04:00:00+0000,0.49,1010.6,62.4,30.8,279.6,11.6
245,22.6,-6.235,106.773,2021-01-11T05:00:00+0000,0.731,1010.1,61.5,30.9,285.5,12.7
246,22.8,-6.235,106.773,2021-01-11T06:00:00+0000,0.832,1009.7,61.5,31.0,286.3,12.9
247,23.1,-6.235,106.773,2021-01-11T07:00:00+0000,1.076,1008.7,63.9,30.7,300.7,10.6
248,23.3,-6.235,106.773,2021-01-11T08:00:00+0000,1.379,1008.3,66.2,30.3,293.2,10.0
249,23.4,-6.235,106.773,2021-01-11T09:00:00+0000,1.39,1008.0,68.5,29.9,279.3,9.4
250,23.6,-6.235,106.773,2021-01-11T10:00:00+0000,1.138,1008.5,72.1,29.2,265.9,9.5
251,23.6,-6.235,106.773,2021-01-11T11:00:00+0000,0.706,1009.1,79.3,27.5,255.0,8.9
252,23.3,-6.235,106.773,2021-01-11T12:00:00+0000,0.014,1009.9,82.6,26.5,245.6,10.6
253,22.8,-6.235,106.773,2021-01-11T13:00:00+0000,0.0,1010.4,83.3,25.9,237.6,10.8
254,22.8,-6.235,106.773,2021-01-11T14:00:00+0000,0.0,1011.0,84.6,25.6,233.0,10.6
255,22.7,-6.235,106.773,2021-01-11T15:00:00+0000,0.0,1011.5,85.4,25.4,234.7,10.1
256,22.7,-6.235,106.773,2021-01-11T16:00:00+0000,0.0,1011.5,85.5,25.3,234.1,9.4
257,22.7,-6.235,106.773,2021-01-11T17:00:00+0000,0.0,1011.4,85.6,25.3,232.7,9.0
258,22.8,-6.235,106.773,2021-01-11T18:00:00+0000,0.0,1011.1,85.9,25.3,227.6,8.5
259,22.5,-6.235,106.773,2021-01-11T19:00:00+0000,0.0,1010.5,85.8,25.0,216.3,9.9
260,22.5,-6.235,106.773,2021-01-11T20:00:00+0000,0.0,1010.0,86.8,24.8,214.9,8.2
261,22.5,-6.235,106.773,2021-01-11T21:00:00+0000,0.0,1009.9,87.5,24.7,208.7,7.3
262,22.5,-6.235,106.773,2021-01-11T22:00:00+0000,0.0,1010.1,88.0,24.6,206.9,7.5
263,22.5,-6.235,106.773,2021-01-11T23:00:00+0000,0.0,1010.2,88.8,24.5,201.3,7.7
264,22.8,-6.235,106.773,2021-01-12T00:00:00+0000,0.0,1010.5,84.3,25.7,199.8,7.0
265,22.8,-6.235,106.773,2021-01-12T01:00:00+0000,0.0,1011.3,77.0,27.2,258.5,10.3
266,23.0,-6.235,106.773,2021-01-12T02:00:00+0000,0.0,1011.5,71.4,28.7,277.3,13.0
267,23.1,-6.235,106.773,2021-01-12T03:00:00+0000,0.13,1011.2,67.3,29.8,293.0,14.2
268,23.4,-6.235,106.773,2021-01-12T04:00:00+0000,1.411,1010.7,67.5,30.1,295.2,13.6
269,23.9,-6.235,106.773,2021-01-12T05:00:00+0000,2.959,1010.3,69.7,30.0,298.6,14.2
270,24.2,-6.235,106.773,2021-01-12T06:00:00+0000,3.082,1009.7,72.5,29.7,296.5,14.3
271,24.5,-6.235,106.773,2021-01-12T07:00:00+0000,3.326,1009.2,76.4,29.1,291.0,14.2
272,24.5,-6.235,106.773,2021-01-12T08:00:00+0000,2.405,1009.0,80.0,28.3,288.9,15.9
273,24.3,-6.235,106.773,2021-01-12T09:00:00+0000,1.343,1009.0,84.6,27.1,290.8,15.5
274,24.0,-6.235,106.773,2021-01-12T10:00:00+0000,0.27,1009.0,87.0,26.3,292.1,13.5
275,23.8,-6.235,106.773,2021-01-12T11:00:00+0000,0.432,1009.2,89.1,25.7,291.6,13.5
276,23.7,-6.235,106.773,2021-01-12T12:00:00+0000,2.333,1009.5,90.8,25.3,288.8,14.1
277,23.6,-6.235,106.773,2021-01-12T13:00:00+0000,2.347,1010.6,90.9,25.1,266.0,10.9
278,23.5,-6.235,106.773,2021-01-12T14:00:00+0000,1.872,1011.3,90.7,25.2,260.1,10.3
279,23.4,-6.235,106.773,2021-01-12T15:00:00+0000,0.058,1011.6,90.1,25.1,248.6,9.3
280,23.1,-6.235,106.773,2021-01-12T16:00:00+0000,0.0,1011.5,89.7,25.0,240.8,9.9
281,22.9,-6.235,106.773,2021-01-12T17:00:00+0000,0.007,1011.3,89.8,24.7,239.9,9.7
282,22.8,-6.235,106.773,2021-01-12T18:00:00+0000,0.0,1011.0,89.8,24.6,240.8,9.9
283,22.8,-6.235,106.773,2021-01-12T19:00:00+0000,0.007,1010.1,90.4,24.5,259.1,9.8
284,22.7,-6.235,106.773,2021-01-12T20:00:00+0000,0.014,1009.7,90.5,24.4,260.5,10.7
285,22.7,-6.235,106.773,2021-01-12T21:00:00+0000,0.011,1009.8,90.6,24.4,261.9,9.7
286,22.7,-6.235,106.773,2021-01-12T22:00:00+0000,0.0,1010.2,90.5,24.3,259.1,8.8
287,22.6,-6.235,106.773,2021-01-12T23:00:00+0000,0.007,1010.7,90.4,24.3,257.8,8.4
288,22.9,-6.235,106.773,2021-01-13T00:00:00+0000,0.007,1011.2,85.5,25.5,256.1,8.5
289,23.0,-6.235,106.773,2021-01-13T01:00:00+0000,0.043,1011.5,79.1,26.9,276.6,11.0
290,22.9,-6.235,106.773,2021-01-13T02:00:00+0000,0.13,1011.9,73.8,28.1,280.0,12.2
291,22.9,-6.235,106.773,2021-01-13T03:00:00+0000,0.173,1011.8,70.1,28.9,288.4,13.7
292,23.0,-6.235,106.773,2021-01-13T04:00:00+0000,0.547,1011.5,68.1,29.5,292.4,14.6
293,23.1,-6.235,106.773,2021-01-13T05:00:00+0000,0.853,1011.2,68.4,29.5,294.6,14.9
294,23.1,-6.235,106.773,2021-01-13T06:00:00+0000,1.062,1010.5,67.9,29.7,291.9,14.4
295,23.4,-6.235,106.773,2021-01-13T07:00:00+0000,1.4,1010.1,69.3,29.6,299.9,13.7
296,23.4,-6.235,106.773,2021-01-13T08:00:00+0000,1.213,1009.7,69.6,29.5,300.0,12.3
297,23.4,-6.235,106.773,2021-01-13T09:00:00+0000,0.832,1009.3,71.5,29.1,303.5,12.2
298,23.5,-6.235,106.773,2021-01-13T10:00:00+0000,0.5,1009.6,75.1,28.3,308.4,10.8
299,23.5,-6.235,106.773,2021-01-13T11:00:00+0000,0.698,1010.1,81.7,26.9,309.8,8.4
300,23.4,-6.235,106.773,2021-01-13T12:00:00+0000,0.043,1010.7,84.3,26.3,302.6,7.8
301,23.1,-6.235,106.773,2021-01-13T13:00:00+0000,0.0,1011.2,84.0,26.0,291.1,6.2
302,23.1,-6.235,106.773,2021-01-13T14:00:00+0000,0.0,1011.7,85.2,25.8,282.2,4.8
303,23.2,-6.235,106.773,2021-01-13T15:00:00+0000,0.0,1012.1,85.9,25.8,271.1,3.6
304,23.3,-6.235,106.773,2021-01-13T16:00:00+0000,0.0,1012.3,86.3,25.8,264.6,3.1
305,23.2,-6.235,106.773,2021-01-13T17:00:00+0000,0.0,1012.1,86.2,25.7,260.4,3.2
306,23.0,-6.235,106.773,2021-01-13T18:00:00+0000,0.0,1011.7,86.1,25.5,256.1,3.9
307,22.8,-6.235,106.773,2021-01-13T19:00:00+0000,0.0,1011.3,86.1,25.3,266.0,6.8
308,22.7,-6.235,106.773,2021-01-13T20:00:00+0000,0.0,1010.8,88.6,24.8,246.2,4.7
309,22.7,-6.235,106.773,2021-01-13T21:00:00+0000,0.0,1010.6,89.8,24.5,219.6,3.5
310,22.6,-6.235,106.773,2021-01-13T22:00:00+0000,0.0,1011.0,90.1,24.3,202.5,3.4
311,22.4,-6.235,106.773,2021-01-13T23:00:00+0000,0.0,1011.5,90.2,24.1,188.3,3.5
312,22.5,-6.235,106.773,2021-01-14T00:00:00+0000,0.0,1011.9,82.7,25.6,187.6,4.1
313,22.7,-6.235,106.773,2021-01-14T01:00:00+0000,0.0,1012.9,77.2,27.1,294.4,5.7
314,22.9,-6.235,106.773,2021-01-14T02:00:00+0000,0.014,1013.0,72.5,28.3,310.9,8.1
315,22.9,-6.235,106.773,2021-01-14T03:00:00+0000,0.212,1012.8,69.6,29.1,321.4,8.8
316,22.9,-6.235,106.773,2021-01-14T04:00:00+0000,0.176,1012.2,66.5,29.8,329.1,9.1
317,22.8,-6.235,106.773,2021-01-14T05:00:00+0000,0.173,1011.5,64.0,30.4,334.4,9.4
318,22.8,-6.235,106.773,2021-01-14T06:00:00+0000,0.137,1010.7,62.6,30.8,335.7,9.5
319,22.7,-6.235,106.773,2021-01-14T07:00:00+0000,0.227,1010.3,64.7,30.0,330.9,12.9
320,22.6,-6.235,106.773,2021-01-14T08:00:00+0000,0.133,1010.0,65.8,29.7,322.6,10.0
321,22.7,-6.235,106.773,2021-01-14T09:00:00+0000,0.05,1009.9,66.1,29.7,312.2,7.4
322,22.6,-6.235,106.773,2021-01-14T10:00:00+0000,0.007,1010.1,68.1,29.1,314.0,5.7
323,23.2,-6.235,106.773,2021-01-14T11:00:00+0000,0.0,1010.5,76.4,27.8,321.4,3.9
324,22.9,-6.235,106.773,2021-01-14T12:00:00+0000,0.0,1010.9,80.3,26.6,326.3,3.9
325,21.7,-6.235,106.773,2021-01-14T13:00:00+0000,0.0,1012.6,77.5,26.0,331.0,6.9
326,22.0,-6.235,106.773,2021-01-14T14:00:00+0000,0.0,1013.0,78.7,26.0,327.9,5.7
327,22.2,-6.235,106.773,2021-01-14T15:00:00+0000,0.0,1013.2,79.8,26.0,329.9,5.2
328,22.4,-6.235,106.773,2021-01-14T16:00:00+0000,0.0,1013.0,82.2,25.7,332.3,4.0
329,22.8,-6.235,106.773,2021-01-14T17:00:00+0000,0.0,1012.5,85.2,25.4,323.1,2.7
330,22.9,-6.235,106.773,2021-01-14T18:00:00+0000,0.0,1011.9,87.4,25.1,296.1,2.0
331,22.5,-6.235,106.773,2021-01-14T19:00:00+0000,0.0,1011.1,87.3,24.8,210.6,3.7
332,22.3,-6.235,106.773,2021-01-14T20:00:00+0000,0.0,1010.5,87.1,24.6,199.9,4.3
333,22.1,-6.235,106.773,2021-01-14T21:00:00+0000,0.0,1010.5,87.6,24.3,207.3,3.9
334,22.0,-6.235,106.773,2021-01-14T22:00:00+0000,0.0,1010.7,88.1,24.1,211.5,3.9
335,21.8,-6.235,106.773,2021-01-14T23:00:00+0000,0.0,1011.1,88.2,23.9,216.4,4.1
336,22.0,-6.235,106.773,2021-01-15T00:00:00+0000,0.0,1011.5,78.3,26.1,221.6,4.7
337,22.3,-6.235,106.773,2021-01-15T01:00:00+0000,0.0,1012.3,73.0,27.6,276.7,6.8
338,22.2,-6.235,106.773,2021-01-15T02:00:00+0000,0.0,1012.2,67.0,28.9,290.5,7.4
339,21.9,-6.235,106.773,2021-01-15T03:00:00+0000,0.0,1011.9,60.3,30.5,307.9,8.2
340,21.6,-6.235,106.773,2021-01-15T04:00:00+0000,0.0,1011.2,55.8,31.5,317.3,10.1
341,21.5,-6.235,106.773,2021-01-15T05:00:00+0000,0.0,1010.5,52.8,32.4,320.3,12.3
342,21.4,-6.235,106.773,2021-01-15T06:00:00+0000,0.022,1009.5,52.9,32.2,318.9,14.2
343,21.7,-6.235,106.773,2021-01-15T07:00:00+0000,0.216,1009.0,53.9,32.3,329.4,11.5
344,21.8,-6.235,106.773,2021-01-15T08:00:00+0000,1.001,1008.4,57.3,31.3,328.3,10.6
345,22.1,-6.235,106.773,2021-01-15T09:00:00+0000,1.235,1008.1,61.9,30.3,330.4,9.1
346,22.6,-6.235,106.773,2021-01-15T10:00:00+0000,0.5,1008.6,66.6,29.5,336.8,7.7
347,22.8,-6.235,106.773,2021-01-15T11:00:00+0000,0.126,1009.0,73.4,28.0,342.5,6.7
348,22.8,-6.235,106.773,2021-01-15T12:00:00+0000,0.011,1009.8,77.3,27.2,334.9,5.7
349,22.5,-6.235,106.773,2021-01-15T13:00:00+0000,0.0,1010.8,78.3,26.6,304.8,5.6
350,22.6,-6.235,106.773,2021-01-15T14:00:00+0000,0.0,1011.2,80.4,26.2,258.1,4.2
351,22.3,-6.235,106.773,2021-01-15T15:00:00+0000,0.0,1011.6,80.3,25.9,223.6,5.3
352,22.0,-6.235,106.773,2021-01-15T16:00:00+0000,0.0,1011.4,81.1,25.5,212.4,7.0
353,21.8,-6.235,106.773,2021-01-15T17:00:00+0000,0.0,1011.1,82.7,25.0,204.8,8.1
354,21.6,-6.235,106.773,2021-01-15T18:00:00+0000,0.0,1010.7,84.1,24.4,201.8,8.4
355,21.4,-6.235,106.773,2021-01-15T19:00:00+0000,0.0,1010.0,85.2,24.0,205.0,8.3
356,21.0,-6.235,106.773,2021-01-15T20:00:00+0000,0.0,1010.0,84.7,23.8,200.0,8.4
357,20.6,-6.235,106.773,2021-01-15T21:00:00+0000,0.0,1009.9,83.5,23.6,200.1,9.3
358,20.3,-6.235,106.773,2021-01-15T22:00:00+0000,0.0,1010.2,82.3,23.5,199.6,9.4
359,20.1,-6.235,106.773,2021-01-15T23:00:00+0000,0.0,1010.6,81.9,23.4,198.2,9.6
360,20.4,-6.235,106.773,2021-01-16T00:00:00+0000,0.0,1010.9,77.5,24.6,201.1,10.4
361,21.0,-6.235,106.773,2021-01-16T01:00:00+0000,0.0,1011.3,71.3,26.6,229.5,11.4
362,21.1,-6.235,106.773,2021-01-16T02:00:00+0000,0.0,1011.4,64.9,28.3,231.1,12.0
363,21.1,-6.235,106.773,2021-01-16T03:00:00+0000,0.0,1011.4,66.4,27.9,223.9,12.5
364,21.1,-6.235,106.773,2021-01-16T04:00:00+0000,0.014,1010.9,66.5,27.9,227.6,12.8
365,21.1,-6.235,106.773,2021-01-16T05:00:00+0000,0.004,1010.3,66.6,27.9,231.6,12.8
366,20.9,-6.235,106.773,2021-01-16T06:00:00+0000,0.004,1009.5,62.3,28.8,239.0,13.4
367,21.6,-6.235,106.773,2021-01-16T07:00:00+0000,0.0,1007.9,59.6,30.4,256.6,16.1
368,21.6,-6.235,106.773,2021-01-16T08:00:00+0000,0.0,1007.1,55.5,31.6,254.1,15.1
369,21.8,-6.235,106.773,2021-01-16T09:00:00+0000,0.216,1006.9,57.6,31.2,246.2,12.9
370,22.0,-6.235,106.773,2021-01-16T10:00:00+0000,0.0,1007.5,61.6,30.2,242.6,11.5
371,22.4,-6.235,106.773,2021-01-16T11:00:00+0000,0.0,1008.0,70.8,28.2,243.0,9.3
372,22.2,-6.235,106.773,2021-01-16T12:00:00+0000,0.0,1008.8,75.2,26.9,238.8,10.2
373,22.0,-6.235,106.773,2021-01-16T13:00:00+0000,0.0,1009.1,76.8,26.4,227.4,10.9
374,21.9,-6.235,106.773,2021-01-16T14:00:00+0000,0.0,1009.6,78.0,26.0,219.5,11.7
375,21.7,-6.235,106.773,2021-01-16T15:00:00+0000,0.0,1010.3,79.2,25.6,212.9,10.7
376,21.6,-6.235,106.773,2021-01-16T16:00:00+0000,0.0,1010.4,80.7,25.1,208.9,10.1
377,21.4,-6.235,106.773,2021-01-16T17:00:00+0000,0.0,1010.5,82.2,24.7,206.3,9.4
378,21.3,-6.235,106.773,2021-01-16T18:00:00+0000,0.0,1010.4,83.5,24.3,203.7,9.0
379,21.6,-6.235,106.773,2021-01-16T19:00:00+0000,0.0,1009.4,86.2,24.1,199.0,8.8
380,21.5,-6.235,106.773,2021-01-16T20:00:00+0000,0.0,1009.1,86.7,23.8,203.5,9.3
381,21.4,-6.235,106.773,2021-01-16T21:00:00+0000,0.0,1009.1,86.4,23.8,204.8,8.5
382,21.3,-6.235,106.773,2021-01-16T22:00:00+0000,0.0,1009.7,86.7,23.7,208.1,8.5
383,21.3,-6.235,106.773,2021-01-16T23:00:00+0000,0.0,1010.4,87.3,23.6,211.0,8.2
384,21.6,-6.235,106.773,2021-01-17T00:00:00+0000,0.0,1011.0,81.4,25.1,213.4,8.4
385,21.9,-6.235,106.773,2021-01-17T01:00:00+0000,0.245,1011.9,71.9,27.5,243.1,6.3
386,21.7,-6.235,106.773,2021-01-17T02:00:00+0000,0.31,1011.8,64.0,29.3,275.2,8.7
387,21.7,-6.235,106.773,2021-01-17T03:00:00+0000,0.288,1011.4,60.2,30.3,283.1,10.8
388,21.9,-6.235,106.773,2021-01-17T04:00:00+0000,0.871,1010.7,59.1,30.9,287.1,12.8
389,21.9,-6.235,106.773,2021-01-17T05:00:00+0000,1.076,1010.1,59.6,30.7,288.3,14.4
390,22.0,-6.235,106.773,2021-01-17T06:00:00+0000,0.925,1009.4,59.5,30.8,287.4,15.1
391,22.5,-6.235,106.773,2021-01-17T07:00:00+0000,0.882,1009.5,61.0,30.9,293.9,17.2
392,22.6,-6.235,106.773,2021-01-17T08:00:00+0000,1.962,1009.3,63.5,30.3,284.9,15.2
393,22.4,-6.235,106.773,2021-01-17T09:00:00+0000,1.217,1009.1,64.9,29.8,277.2,12.9
394,22.4,-6.235,106.773,2021-01-17T10:00:00+0000,0.59,1009.2,66.6,29.3,277.2,9.8
395,22.6,-6.235,106.773,2021-01-17T11:00:00+0000,0.011,1009.6,73.4,27.8,283.1,6.4
396,22.5,-6.235,106.773,2021-01-17T12:00:00+0000,0.004,1010.3,78.3,26.6,279.3,6.0
397,22.4,-6.235,106.773,2021-01-17T13:00:00+0000,0.0,1010.8,79.2,26.3,278.4,7.4
398,22.4,-6.235,106.773,2021-01-17T14:00:00+0000,0.0,1011.2,81.0,26.0,268.8,7.1
399,22.4,-6.235,106.773,2021-01-17T15:00:00+0000,0.0,1011.4,82.8,25.6,250.6,6.5
400,22.3,-6.235,106.773,2021-01-17T16:00:00+0000,0.0,1011.6,84.1,25.2,247.9,6.1
401,22.3,-6.235,106.773,2021-01-17T17:00:00+0000,0.0,1011.5,85.5,24.9,252.1,6.1
402,22.3,-6.235,106.773,2021-01-17T18:00:00+0000,0.0,1011.1,86.5,24.7,239.7,6.5
403,22.6,-6.235,106.773,2021-01-17T19:00:00+0000,0.601,1010.7,89.0,24.5,235.5,5.3
404,22.5,-6.235,106.773,2021-01-17T20:00:00+0000,0.594,1010.5,89.6,24.3,233.9,6.1
405,22.3,-6.235,106.773,2021-01-17T21:00:00+0000,0.0,1010.2,89.7,24.2,234.2,7.6
406,22.2,-6.235,106.773,2021-01-17T22:00:00+0000,0.007,1010.5,90.4,23.9,226.7,6.9
407,22.2,-6.235,106.773,2021-01-17T23:00:00+0000,0.0,1010.7,91.2,23.7,217.5,6.9
408,22.4,-6.235,106.773,2021-01-18T00:00:00+0000,0.0,1011.3,86.3,24.8,210.7,6.8
409,22.7,-6.235,106.773,2021-01-18T01:00:00+0000,0.097,1011.9,79.0,26.6,288.9,10.5
410,22.7,-6.235,106.773,2021-01-18T02:00:00+0000,0.652,1011.8,75.0,27.5,297.0,13.4
411,22.9,-6.235,106.773,2021-01-18T03:00:00+0000,1.649,1012.4,73.5,28.1,298.9,15.3
412,23.1,-6.235,106.773,2021-01-18T04:00:00+0000,2.038,1011.8,73.4,28.4,305.9,17.1
413,23.3,-6.235,106.773,2021-01-18T05:00:00+0000,2.423,1011.4,74.2,28.4,312.2,18.4
414,23.5,-6.235,106.773,2021-01-18T06:00:00+0000,2.452,1010.7,75.4,28.3,315.8,18.9
415,23.7,-6.235,106.773,2021-01-18T07:00:00+0000,2.736,1010.2,77.9,27.9,319.4,19.3
416,23.8,-6.235,106.773,2021-01-18T08:00:00+0000,2.714,1009.8,79.2,27.7,316.5,18.2
417,23.8,-6.235,106.773,2021-01-18T09:00:00+0000,2.758,1009.7,81.2,27.3,313.0,17.1
418,23.7,-6.235,106.773,2021-01-18T10:00:00+0000,2.405,1009.8,84.3,26.6,306.2,14.1
419,23.4,-6.235,106.773,2021-01-18T11:00:00+0000,1.447,1010.1,88.4,25.5,297.6,11.3
420,23.3,-6.235,106.773,2021-01-18T12:00:00+0000,1.462,1010.8,90.8,24.9,289.1,10.7
421,23.1,-6.235,106.773,2021-01-18T13:00:00+0000,1.616,1011.6,91.2,24.6,297.6,12.0
422,23.0,-6.235,106.773,2021-01-18T14:00:00+0000,1.465,1012.1,90.7,24.6,290.3,11.9
423,22.8,-6.235,106.773,2021-01-18T15:00:00+0000,1.163,1012.2,90.1,24.6,291.5,12.1
424,22.6,-6.235,106.773,2021-01-18T16:00:00+0000,0.695,1012.0,89.5,24.5,296.6,12.4
425,22.5,-6.235,106.773,2021-01-18T17:00:00+0000,0.407,1011.9,89.2,24.4,300.3,12.4
426,22.4,-6.235,106.773,2021-01-18T18:00:00+0000,0.184,1011.5,89.4,24.2,301.7,12.5
427,22.3,-6.235,106.773,2021-01-18T19:00:00+0000,0.54,1011.1,90.4,24.0,297.4,13.8
428,22.4,-6.235,106.773,2021-01-18T20:00:00+0000,0.886,1011.0,90.8,24.0,296.4,13.7
429,22.5,-6.235,106.773,2021-01-18T21:00:00+0000,0.886,1010.6,91.1,24.0,298.6,14.1
430,22.4,-6.235,106.773,2021-01-18T22:00:00+0000,0.598,1010.9,90.8,24.0,299.4,13.9
431,22.3,-6.235,106.773,2021-01-18T23:00:00+0000,0.439,1011.3,90.4,24.0,297.3,13.7
432,22.3,-6.235,106.773,2021-01-19T00:00:00+0000,0.367,1011.8,88.9,24.2,294.8,12.5
433,22.3,-6.235,106.773,2021-01-19T01:00:00+0000,0.101,1011.7,85.1,25.0,287.3,9.5
434,22.4,-6.235,106.773,2021-01-19T02:00:00+0000,0.0,1011.8,77.0,26.7,302.5,12.3
435,22.4,-6.235,106.773,2021-01-19T03:00:00+0000,0.0,1011.9,73.5,27.6,310.4,13.7
436,22.3,-6.235,106.773,2021-01-19T04:00:00+0000,0.004,1011.6,70.7,28.2,318.6,14.2
437,22.2,-6.235,106.773,2021-01-19T05:00:00+0000,0.007,1011.2,67.9,28.7,324.9,14.6
438,22.2,-6.235,106.773,2021-01-19T06:00:00+0000,0.0,1010.7,66.5,29.1,328.6,15.0
439,22.2,-6.235,106.773,2021-01-19T07:00:00+0000,0.133,1010.5,68.2,28.6,332.7,15.4
440,22.2,-6.235,106.773,2021-01-19T08:00:00+0000,0.133,1010.2,68.5,28.6,330.8,13.9
441,22.3,-6.235,106.773,2021-01-19T09:00:00+0000,0.198,1010.0,71.1,28.1,327.5,12.0
442,22.4,-6.235,106.773,2021-01-19T10:00:00+0000,0.054,1009.9,72.8,27.7,320.8,8.8
443,22.7,-6.235,106.773,2021-01-19T11:00:00+0000,0.004,1010.1,79.4,26.6,314.4,4.5
444,22.9,-6.235,106.773,2021-01-19T12:00:00+0000,0.0,1010.4,85.9,25.4,315.0,1.9
445,22.8,-6.235,106.773,2021-01-19T13:00:00+0000,0.0,1011.1,86.8,25.2,78.7,2.0
446,22.7,-6.235,106.773,2021-01-19T14:00:00+0000,0.0,1011.6,86.9,25.0,97.2,2.6
447,22.6,-6.235,106.773,2021-01-19T15:00:00+0000,0.0,1011.9,87.3,24.8,117.2,2.9
448,22.7,-6.235,106.773,2021-01-19T16:00:00+0000,0.0,1012.1,88.9,24.6,112.9,2.5
449,22.7,-6.235,106.773,2021-01-19T17:00:00+0000,0.0,1012.0,90.1,24.4,119.0,1.9
450,22.7,-6.235,106.773,2021-01-19T18:00:00+0000,0.022,1011.8,90.9,24.3,122.3,0.8
451,22.5,-6.235,106.773,2021-01-19T19:00:00+0000,0.155,1011.1,91.7,24.0,241.9,2.4
452,22.4,-6.235,106.773,2021-01-19T20:00:00+0000,0.227,1010.8,92.0,23.8,239.1,4.1
453,22.4,-6.235,106.773,2021-01-19T21:00:00+0000,0.158,1010.4,92.8,23.6,234.3,4.3
454,22.4,-6.235,106.773,2021-01-19T22:00:00+0000,0.007,1010.6,92.1,23.7,236.9,4.1
455,22.4,-6.235,106.773,2021-01-19T23:00:00+0000,0.011,1010.9,91.3,23.9,235.3,4.0
456,22.5,-6.235,106.773,2021-01-20T00:00:00+0000,0.004,1011.6,85.6,25.1,240.3,4.6
457,22.6,-6.235,106.773,2021-01-20T01:00:00+0000,0.0,1012.3,81.4,26.1,305.0,6.7
458,22.8,-6.235,106.773,2021-01-20T02:00:00+0000,0.0,1012.6,77.9,27.0,309.9,7.7
459,22.8,-6.235,106.773,2021-01-20T03:00:00+0000,0.0,1012.3,74.9,27.6,320.8,8.5
460,22.8,-6.235,106.773,2021-01-20T04:00:00+0000,0.0,1011.7,72.0,28.4,332.3,10.2
461,22.9,-6.235,106.773,2021-01-20T05:00:00+0000,0.018,1011.1,70.2,28.9,338.5,11.6
462,22.8,-6.235,106.773,2021-01-20T06:00:00+0000,0.22,1010.5,70.8,28.7,338.0,12.0
463,22.8,-6.235,106.773,2021-01-20T07:00:00+0000,0.119,1009.8,71.9,28.4,336.0,12.6
464,22.8,-6.235,106.773,2021-01-20T08:00:00+0000,0.241,1009.5,68.0,29.4,337.0,12.6
465,22.7,-6.235,106.773,2021-01-20T09:00:00+0000,0.094,1009.0,69.0,29.0,338.6,10.6
466,22.7,-6.235,106.773,2021-01-20T10:00:00+0000,0.0,1009.5,71.3,28.4,340.8,8.2
467,23.0,-6.235,106.773,2021-01-20T11:00:00+0000,0.004,1010.0,78.9,27.0,344.0,4.3
468,22.9,-6.235,106.773,2021-01-20T12:00:00+0000,0.004,1010.8,85.6,25.5,354.3,2.5
469,22.9,-6.235,106.773,2021-01-20T13:00:00+0000,0.0,1012.0,87.2,25.2,93.0,1.4
470,22.9,-6.235,106.773,2021-01-20T14:00:00+0000,0.0,1012.7,87.4,25.1,61.1,2.4
471,22.9,-6.235,106.773,2021-01-20T15:00:00+0000,0.0,1012.3,88.8,24.8,77.3,1.1
472,22.8,-6.235,106.773,2021-01-20T16:00:00+0000,0.0,1011.9,89.3,24.6,137.4,1.8
473,22.6,-6.235,106.773,2021-01-20T17:00:00+0000,0.0,1011.8,89.1,24.5,137.4,3.0
474,22.5,-6.235,106.773,2021-01-20T18:00:00+0000,0.0,1011.8,90.0,24.3,127.9,3.1
475,22.7,-6.235,106.773,2021-01-20T19:00:00+0000,1.076,1011.7,92.0,24.1,128.9,3.8
476,22.7,-6.235,106.773,2021-01-20T20:00:00+0000,0.544,1011.4,93.1,23.8,138.2,4.1
477,22.5,-6.235,106.773,2021-01-20T21:00:00+0000,0.119,1011.0,93.5,23.7,159.5,4.7
478,22.5,-6.235,106.773,2021-01-20T22:00:00+0000,0.061,1011.1,93.4,23.6,174.9,6.1
479,22.4,-6.235,106.773,2021-01-20T23:00:00+0000,0.018,1011.3,93.4,23.6,179.1,7.0
480,22.7,-6.235,106.773,2021-01-21T00:00:00+0000,0.0,1011.7,88.4,24.7,182.9,7.9
481,23.2,-6.235,106.773,2021-01-21T01:00:00+0000,0.0,1012.3,81.2,26.7,253.7,6.4
482,23.4,-6.235,106.773,2021-01-21T02:00:00+0000,0.151,1012.4,75.8,28.0,291.2,9.5
483,23.2,-6.235,106.773,2021-01-21T03:00:00+0000,0.227,1011.8,72.9,28.6,302.6,12.0
484,23.3,-6.235,106.773,2021-01-21T04:00:00+0000,0.155,1011.3,68.8,29.7,305.8,12.2
485,23.3,-6.235,106.773,2021-01-21T05:00:00+0000,0.241,1010.7,66.6,30.2,310.3,12.3
486,23.1,-6.235,106.773,2021-01-21T06:00:00+0000,0.004,1009.8,64.7,30.5,315.6,11.4
487,23.3,-6.235,106.773,2021-01-21T07:00:00+0000,0.558,1009.5,66.0,30.3,323.4,11.6
488,23.2,-6.235,106.773,2021-01-21T08:00:00+0000,1.069,1008.9,67.9,29.8,321.8,11.5
489,23.3,-6.235,106.773,2021-01-21T09:00:00+0000,0.943,1008.7,69.6,29.4,319.3,9.5
490,23.3,-6.235,106.773,2021-01-21T10:00:00+0000,0.338,1009.0,71.7,28.9,315.8,7.3
491,23.6,-6.235,106.773,2021-01-21T11:00:00+0000,0.043,1009.3,78.2,27.7,313.9,5.1
492,23.4,-6.235,106.773,2021-01-21T12:00:00+0000,0.007,1009.7,83.3,26.4,301.2,4.6
493,23.1,-6.235,106.773,2021-01-21T13:00:00+0000,0.0,1010.8,85.1,25.8,265.1,3.0
494,22.7,-6.235,106.773,2021-01-21T14:00:00+0000,0.0,1011.2,83.7,25.7,237.4,5.1
495,22.6,-6.235,106.773,2021-01-21T15:00:00+0000,0.0,1011.7,84.0,25.5,234.6,6.1
496,22.6,-6.235,106.773,2021-01-21T16:00:00+0000,0.0,1011.7,85.3,25.3,228.5,5.9
497,22.6,-6.235,106.773,2021-01-21T17:00:00+0000,0.0,1011.6,86.3,25.0,220.3,6.2
498,22.4,-6.235,106.773,2021-01-21T18:00:00+0000,0.0,1011.2,87.8,24.6,209.5,6.5
499,22.3,-6.235,106.773,2021-01-21T19:00:00+0000,0.0,1010.8,88.7,24.3,176.5,6.4
500,22.3,-6.235,106.773,2021-01-21T20:00:00+0000,0.0,1010.6,88.6,24.3,152.7,8.7
501,22.3,-6.235,106.773,2021-01-21T21:00:00+0000,0.0,1010.3,89.6,24.2,160.3,8.3
502,22.2,-6.235,106.773,2021-01-21T22:00:00+0000,0.0,1010.5,90.5,23.9,164.4,7.9
503,22.2,-6.235,106.773,2021-01-21T23:00:00+0000,0.0,1010.9,90.8,23.8,164.0,8.4
504,22.4,-6.235,106.773,2021-01-22T00:00:00+0000,0.0,1011.4,87.0,24.7,159.6,8.8
505,22.6,-6.235,106.773,2021-01-22T01:00:00+0000,0.0,1011.7,79.3,26.5,169.6,4.0
506,22.4,-6.235,106.773,2021-01-22T02:00:00+0000,0.0,1012.0,67.8,29.0,253.4,1.4
507,22.0,-6.235,106.773,2021-01-22T03:00:00+0000,0.0,1011.9,65.7,29.1,321.1,5.0
508,21.9,-6.235,106.773,2021-01-22T04:00:00+0000,0.0,1011.3,64.1,29.4,325.4,6.7
509,22.0,-6.235,106.773,2021-01-22T05:00:00+0000,0.0,1011.0,64.0,29.6,332.8,8.2
510,21.9,-6.235,106.773,2021-01-22T06:00:00+0000,0.0,1010.5,64.0,29.5,329.7,8.9
511,21.8,-6.235,106.773,2021-01-22T07:00:00+0000,0.0,1010.1,62.0,29.8,284.7,9.9
512,21.7,-6.235,106.773,2021-01-22T08:00:00+0000,0.0,1009.5,60.6,30.2,280.2,11.0
513,21.6,-6.235,106.773,2021-01-22T09:00:00+0000,0.0,1009.0,60.6,30.1,271.1,11.1
514,21.7,-6.235,106.773,2021-01-22T10:00:00+0000,0.0,1009.1,62.8,29.5,262.6,10.1
515,21.8,-6.235,106.773,2021-01-22T11:00:00+0000,0.0,1009.3,70.1,27.8,256.9,8.1
516,21.3,-6.235,106.773,2021-01-22T12:00:00+0000,0.0,1009.8,73.0,26.6,242.0,8.4
517,21.1,-6.235,106.773,2021-01-22T13:00:00+0000,0.0,1010.4,77.5,25.4,217.7,4.2
518,20.9,-6.235,106.773,2021-01-22T14:00:00+0000,0.0,1010.9,77.2,25.2,202.6,5.8
519,20.9,-6.235,106.773,2021-01-22T15:00:00+0000,0.0,1010.7,78.4,24.9,197.6,5.6
520,20.8,-6.235,106.773,2021-01-22T16:00:00+0000,0.0,1010.9,79.1,24.7,191.7,5.9
521,20.7,-6.235,106.773,2021-01-22T17:00:00+0000,0.0,1011.0,80.2,24.4,184.0,5.7
522,20.7,-6.235,106.773,2021-01-22T18:00:00+0000,0.0,1010.9,81.2,24.1,177.8,5.5
523,20.8,-6.235,106.773,2021-01-22T19:00:00+0000,0.0,1010.5,83.5,23.8,172.2,4.5
524,20.8,-6.235,106.773,2021-01-22T20:00:00+0000,0.0,1010.0,83.9,23.7,167.0,4.7
525,20.8,-6.235,106.773,2021-01-22T21:00:00+0000,0.0,1009.9,85.3,23.4,170.0,3.9
526,20.8,-6.235,106.773,2021-01-22T22:00:00+0000,0.0,1010.4,87.3,23.1,165.8,2.9
527,20.9,-6.235,106.773,2021-01-22T23:00:00+0000,0.0,1011.0,89.1,22.8,165.5,2.0
528,21.2,-6.235,106.773,2021-01-23T00:00:00+0000,0.0,1011.7,76.7,25.6,165.7,1.6
529,21.7,-6.235,106.773,2021-01-23T01:00:00+0000,0.0,1012.5,69.8,27.7,338.4,2.1
530,21.9,-6.235,106.773,2021-01-23T02:00:00+0000,0.0,1012.4,66.5,28.8,330.8,5.7
531,22.0,-6.235,106.773,2021-01-23T03:00:00+0000,0.0,1011.8,63.9,29.5,337.9,7.8
532,22.0,-6.235,106.773,2021-01-23T04:00:00+0000,0.0,1011.4,61.2,30.3,343.5,10.1
533,22.1,-6.235,106.773,2021-01-23T05:00:00+0000,0.0,1010.8,59.1,31.0,346.1,11.9
534,22.0,-6.235,106.773,2021-01-23T06:00:00+0000,0.0,1010.2,59.8,30.8,347.5,13.5
535,22.7,-6.235,106.773,2021-01-23T07:00:00+0000,0.058,1009.5,64.9,30.1,343.7,14.6
536,22.8,-6.235,106.773,2021-01-23T08:00:00+0000,0.0,1009.1,67.9,29.4,347.1,13.4
537,22.9,-6.235,106.773,2021-01-23T09:00:00+0000,0.0,1009.1,69.9,28.9,346.7,11.5
538,22.8,-6.235,106.773,2021-01-23T10:00:00+0000,0.004,1009.5,71.5,28.5,351.8,9.1
539,23.0,-6.235,106.773,2021-01-23T11:00:00+0000,0.0,1010.1,77.1,27.4,4.3,5.7
540,22.8,-6.235,106.773,2021-01-23T12:00:00+0000,0.011,1010.6,83.4,25.9,15.8,4.6
541,22.9,-6.235,106.773,2021-01-23T13:00:00+0000,0.0,1011.5,86.6,25.3,1.2,3.5
542,23.0,-6.235,106.773,2021-01-23T14:00:00+0000,0.0,1011.8,88.4,25.0,352.9,2.6
543,23.0,-6.235,106.773,2021-01-23T15:00:00+0000,0.0,1012.0,89.7,24.8,332.9,1.6
544,22.9,-6.235,106.773,2021-01-23T16:00:00+0000,0.0,1011.9,90.3,24.6,310.9,0.7
545,22.9,-6.235,106.773,2021-01-23T17:00:00+0000,0.0,1011.9,90.8,24.5,323.1,0.2
546,22.8,-6.235,106.773,2021-01-23T18:00:00+0000,0.0,1011.7,91.2,24.3,85.2,0.4
547,23.0,-6.235,106.773,2021-01-23T19:00:00+0000,0.0,1011.1,92.0,24.4,104.0,3.1
548,23.0,-6.235,106.773,2021-01-23T20:00:00+0000,0.0,1011.0,93.3,24.1,102.5,2.3
549,22.9,-6.235,106.773,2021-01-23T21:00:00+0000,0.14,1010.8,94.1,23.9,135.0,1.8
550,22.8,-6.235,106.773,2021-01-23T22:00:00+0000,0.104,1011.1,94.4,23.7,162.5,2.8
551,22.6,-6.235,106.773,2021-01-23T23:00:00+0000,0.025,1011.6,93.9,23.7,166.3,4.0
552,22.8,-6.235,106.773,2021-01-24T00:00:00+0000,0.011,1011.9,86.1,25.3,168.0,5.5
553,22.8,-6.235,106.773,2021-01-24T01:00:00+0000,0.0,1012.7,77.4,27.1,300.7,2.5
554,22.9,-6.235,106.773,2021-01-24T02:00:00+0000,0.007,1012.9,72.2,28.4,303.5,4.0
555,22.9,-6.235,106.773,2021-01-24T03:00:00+0000,0.068,1012.5,69.8,29.0,312.0,4.4
556,22.8,-6.235,106.773,2021-01-24T04:00:00+0000,0.27,1012.1,66.8,29.7,321.2,7.1
557,22.9,-6.235,106.773,2021-01-24T05:00:00+0000,0.788,1011.6,64.7,30.3,326.9,8.8
558,23.2,-6.235,106.773,2021-01-24T06:00:00+0000,1.372,1011.1,67.1,30.0,331.4,9.8
559,23.1,-6.235,106.773,2021-01-24T07:00:00+0000,2.261,1011.2,73.2,28.4,337.6,9.6
560,23.2,-6.235,106.773,2021-01-24T08:00:00+0000,1.944,1010.7,79.4,27.1,350.2,9.3
561,23.3,-6.235,106.773,2021-01-24T09:00:00+0000,1.109,1010.2,82.7,26.5,4.7,7.9
562,23.3,-6.235,106.773,2021-01-24T10:00:00+0000,1.022,1010.6,84.4,26.2,8.9,7.5
563,23.3,-6.235,106.773,2021-01-24T11:00:00+0000,0.72,1010.9,87.8,25.5,21.1,6.3
564,23.2,-6.235,106.773,2021-01-24T12:00:00+0000,0.007,1011.3,90.7,24.9,27.6,5.5
565,23.1,-6.235,106.773,2021-01-24T13:00:00+0000,0.0,1012.1,91.8,24.6,276.3,0.7
566,23.0,-6.235,106.773,2021-01-24T14:00:00+0000,0.0,1012.5,92.1,24.3,8.1,0.3
567,22.8,-6.235,106.773,2021-01-24T15:00:00+0000,0.0,1012.6,92.4,24.1,59.4,1.8
568,22.7,-6.235,106.773,2021-01-24T16:00:00+0000,0.0,1012.8,90.6,24.4,100.3,3.4
569,22.6,-6.235,106.773,2021-01-24T17:00:00+0000,0.0,1012.8,89.0,24.5,120.7,5.4
570,22.6,-6.235,106.773,2021-01-24T18:00:00+0000,0.043,1012.7,88.9,24.5,135.2,6.5
571,22.7,-6.235,106.773,2021-01-24T19:00:00+0000,0.151,1011.9,90.1,24.4,162.1,5.4
572,22.6,-6.235,106.773,2021-01-24T20:00:00+0000,0.209,1011.6,90.4,24.3,176.5,5.9
573,22.4,-6.235,106.773,2021-01-24T21:00:00+0000,0.148,1011.6,90.8,24.0,182.5,6.5
574,22.3,-6.235,106.773,2021-01-24T22:00:00+0000,0.04,1011.9,90.5,23.9,181.1,7.2
575,22.1,-6.235,106.773,2021-01-24T23:00:00+0000,0.0,1012.0,90.4,23.8,178.8,7.0
576,22.2,-6.235,106.773,2021-01-25T00:00:00+0000,0.0,1012.3,86.3,24.7,179.4,7.2
577,22.5,-6.235,106.773,2021-01-25T01:00:00+0000,0.0,1012.9,80.2,26.2,185.4,5.0
578,22.1,-6.235,106.773,2021-01-25T02:00:00+0000,0.0,1012.7,67.2,28.8,166.2,2.4
579,21.8,-6.235,106.773,2021-01-25T03:00:00+0000,0.0,1012.2,58.4,30.9,58.8,1.4
580,21.8,-6.235,106.773,2021-01-25T04:00:00+0000,0.0,1011.6,52.7,32.8,30.7,2.7
581,21.4,-6.235,106.773,2021-01-25T05:00:00+0000,0.0,1011.2,53.7,32.0,23.4,4.4
582,21.2,-6.235,106.773,2021-01-25T06:00:00+0000,0.0,1010.8,55.5,31.2,15.1,5.4
583,22.0,-6.235,106.773,2021-01-25T07:00:00+0000,0.0,1010.1,63.3,29.8,329.4,9.5
584,22.8,-6.235,106.773,2021-01-25T08:00:00+0000,0.598,1009.9,65.1,30.1,316.4,9.2
585,23.0,-6.235,106.773,2021-01-25T09:00:00+0000,0.407,1009.7,67.6,29.6,311.6,8.2
586,23.0,-6.235,106.773,2021-01-25T10:00:00+0000,0.061,1009.9,70.7,28.8,301.7,7.3
587,23.3,-6.235,106.773,2021-01-25T11:00:00+0000,0.41,1010.3,77.6,27.6,284.0,6.1
588,23.1,-6.235,106.773,2021-01-25T12:00:00+0000,0.014,1010.6,80.0,26.9,261.4,6.2
589,23.0,-6.235,106.773,2021-01-25T13:00:00+0000,0.0,1010.8,80.5,26.6,225.6,4.5
590,22.8,-6.235,106.773,2021-01-25T14:00:00+0000,0.0,1011.2,81.5,26.2,212.0,5.0
591,22.6,-6.235,106.773,2021-01-25T15:00:00+0000,0.0,1011.6,83.5,25.6,209.5,4.8
592,22.5,-6.235,106.773,2021-01-25T16:00:00+0000,0.0,1012.1,84.4,25.3,208.4,5.5
593,22.4,-6.235,106.773,2021-01-25T17:00:00+0000,0.0,1012.0,85.0,25.1,206.8,6.9
594,22.4,-6.235,106.773,2021-01-25T18:00:00+0000,0.0,1011.8,86.6,24.8,208.2,7.4
595,22.5,-6.235,106.773,2021-01-25T19:00:00+0000,0.227,1011.1,89.2,24.4,207.7,6.3
596,22.6,-6.235,106.773,2021-01-25T20:00:00+0000,1.948,1010.9,91.8,24.0,191.8,6.5
597,22.6,-6.235,106.773,2021-01-25T21:00:00+0000,1.444,1011.0,93.1,23.7,179.7,6.5
598,22.5,-6.235,106.773,2021-01-25T22:00:00+0000,0.904,1011.2,93.8,23.5,180.0,5.9
599,22.4,-6.235,106.773,2021-01-25T23:00:00+0000,0.716,1011.3,94.4,23.4,178.2,6.7
600,22.7,-6.235,106.773,2021-01-26T00:00:00+0000,0.313,1011.6,91.0,24.3,183.7,7.2
601,23.2,-6.235,106.773,2021-01-26T01:00:00+0000,0.45,1011.4,83.6,26.2,206.6,7.2
602,23.3,-6.235,106.773,2021-01-26T02:00:00+0000,0.4,1011.6,74.1,28.4,235.5,8.1
603,23.1,-6.235,106.773,2021-01-26T03:00:00+0000,0.036,1011.6,68.3,29.6,252.2,10.5
604,23.1,-6.235,106.773,2021-01-26T04:00:00+0000,0.785,1010.9,66.1,30.2,260.7,12.0
605,23.3,-6.235,106.773,2021-01-26T05:00:00+0000,1.12,1010.4,65.0,30.6,263.1,13.2
606,23.5,-6.235,106.773,2021-01-26T06:00:00+0000,1.789,1009.7,65.3,30.7,261.6,13.4
607,23.9,-6.235,106.773,2021-01-26T07:00:00+0000,2.812,1008.8,68.5,30.3,277.9,12.3
608,24.1,-6.235,106.773,2021-01-26T08:00:00+0000,2.61,1008.3,70.5,30.0,278.1,12.1
609,24.2,-6.235,106.773,2021-01-26T09:00:00+0000,2.268,1008.1,73.1,29.5,275.4,11.9
610,24.1,-6.235,106.773,2021-01-26T10:00:00+0000,1.267,1008.5,76.8,28.6,270.6,11.1
611,23.8,-6.235,106.773,2021-01-26T11:00:00+0000,0.331,1008.8,82.0,27.2,264.7,9.7
612,23.5,-6.235,106.773,2021-01-26T12:00:00+0000,0.0,1009.2,84.9,26.3,256.8,10.3
613,22.8,-6.235,106.773,2021-01-26T13:00:00+0000,0.0,1010.2,84.4,25.7,231.2,13.7
614,22.6,-6.235,106.773,2021-01-26T14:00:00+0000,0.0,1010.4,84.7,25.4,228.7,12.9
615,22.5,-6.235,106.773,2021-01-26T15:00:00+0000,0.0,1010.5,84.9,25.2,228.5,13.7
616,22.4,-6.235,106.773,2021-01-26T16:00:00+0000,0.0,1010.7,85.3,25.0,228.0,12.8
617,22.3,-6.235,106.773,2021-01-26T17:00:00+0000,0.0,1010.7,85.5,24.9,227.0,12.7
618,22.3,-6.235,106.773,2021-01-26T18:00:00+0000,0.0,1010.4,85.4,24.9,224.9,12.0
619,21.9,-6.235,106.773,2021-01-26T19:00:00+0000,0.0,1010.6,84.7,24.7,228.1,12.3
620,21.9,-6.235,106.773,2021-01-26T20:00:00+0000,0.0,1010.0,84.8,24.7,229.1,12.7
621,22.0,-6.235,106.773,2021-01-26T21:00:00+0000,0.043,1009.8,85.1,24.7,235.2,12.5
622,22.0,-6.235,106.773,2021-01-26T22:00:00+0000,0.043,1009.9,85.6,24.6,234.7,11.5
623,22.0,-6.235,106.773,2021-01-26T23:00:00+0000,0.04,1010.1,86.0,24.5,233.4,10.9
624,22.3,-6.235,106.773,2021-01-27T00:00:00+0000,0.025,1010.7,83.9,25.2,232.6,11.0
625,22.4,-6.235,106.773,2021-01-27T01:00:00+0000,0.054,1011.1,79.9,26.1,243.8,11.2
626,22.5,-6.235,106.773,2021-01-27T02:00:00+0000,0.097,1011.3,77.8,26.7,253.9,11.2
627,22.6,-6.235,106.773,2021-01-27T03:00:00+0000,0.205,1011.1,74.6,27.5,266.1,11.7
628,22.7,-6.235,106.773,2021-01-27T04:00:00+0000,0.277,1011.0,73.3,28.0,276.3,12.7
629,22.9,-6.235,106.773,2021-01-27T05:00:00+0000,0.32,1010.7,72.9,28.2,284.8,13.7
630,23.0,-6.235,106.773,2021-01-27T06:00:00+0000,0.536,1010.2,74.0,28.1,287.7,14.4
631,23.2,-6.235,106.773,2021-01-27T07:00:00+0000,1.789,1009.6,77.5,27.5,281.4,14.4
632,23.2,-6.235,106.773,2021-01-27T08:00:00+0000,0.421,1008.9,78.6,27.3,276.8,12.8
633,23.3,-6.235,106.773,2021-01-27T09:00:00+0000,0.446,1008.7,81.2,26.8,274.2,11.2
634,23.2,-6.235,106.773,2021-01-27T10:00:00+0000,0.223,1008.8,83.5,26.2,273.2,10.2
635,23.1,-6.235,106.773,2021-01-27T11:00:00+0000,0.162,1009.3,86.4,25.5,269.5,9.0
636,22.9,-6.235,106.773,2021-01-27T12:00:00+0000,0.133,1009.9,87.9,25.1,263.0,8.3
637,22.9,-6.235,106.773,2021-01-27T13:00:00+0000,0.14,1010.7,88.7,24.9,256.7,7.0
638,22.9,-6.235,106.773,2021-01-27T14:00:00+0000,0.133,1011.0,88.8,24.8,246.2,7.9
639,22.8,-6.235,106.773,2021-01-27T15:00:00+0000,0.072,1011.2,88.8,24.8,243.9,9.3
640,22.7,-6.235,106.773,2021-01-27T16:00:00+0000,0.029,1011.2,88.5,24.7,242.3,10.1
641,22.6,-6.235,106.773,2021-01-27T17:00:00+0000,0.004,1011.1,88.3,24.7,241.2,11.1
642,22.5,-6.235,106.773,2021-01-27T18:00:00+0000,0.011,1010.8,88.2,24.6,239.0,11.9
643,22.4,-6.235,106.773,2021-01-27T19:00:00+0000,0.025,1010.6,88.7,24.4,232.2,10.6
644,22.4,-6.235,106.773,2021-01-27T20:00:00+0000,0.097,1010.3,88.8,24.4,234.0,10.4
645,22.4,-6.235,106.773,2021-01-27T21:00:00+0000,0.158,1010.2,89.1,24.3,234.3,9.0
646,22.4,-6.235,106.773,2021-01-27T22:00:00+0000,0.065,1010.4,89.5,24.2,238.7,8.5
647,22.4,-6.235,106.773,2021-01-27T23:00:00+0000,0.122,1010.7,89.9,24.2,246.9,8.7
648,22.6,-6.235,106.773,2021-01-28T00:00:00+0000,0.31,1011.2,88.5,24.6,251.9,9.5
649,22.5,-6.235,106.773,2021-01-28T01:00:00+0000,0.774,1012.0,86.4,24.9,256.9,10.6
650,22.7,-6.235,106.773,2021-01-28T02:00:00+0000,1.53,1012.2,88.5,24.7,265.8,11.3
651,22.8,-6.235,106.773,2021-01-28T03:00:00+0000,1.454,1011.8,90.2,24.5,275.6,12.9
652,23.0,-6.235,106.773,2021-01-28T04:00:00+0000,0.907,1011.7,89.5,24.8,279.2,14.8
653,23.0,-6.235,106.773,2021-01-28T05:00:00+0000,0.77,1011.3,89.2,24.9,279.9,16.6
654,23.1,-6.235,106.773,2021-01-28T06:00:00+0000,0.742,1011.0,89.1,25.0,281.7,18.5
655,23.0,-6.235,106.773,2021-01-28T07:00:00+0000,0.205,1010.6,87.6,25.2,278.2,15.6
656,23.0,-6.235,106.773,2021-01-28T08:00:00+0000,0.004,1009.8,84.4,25.8,269.7,14.3
657,23.0,-6.235,106.773,2021-01-28T09:00:00+0000,0.0,1009.2,77.9,27.2,268.9,15.3
658,22.9,-6.235,106.773,2021-01-28T10:00:00+0000,0.011,1009.6,79.6,26.8,270.2,13.5
659,22.7,-6.235,106.773,2021-01-28T11:00:00+0000,0.0,1010.0,83.7,25.7,269.7,12.2
660,22.4,-6.235,106.773,2021-01-28T12:00:00+0000,0.0,1010.3,84.7,25.2,261.9,12.1
661,22.2,-6.235,106.773,2021-01-28T13:00:00+0000,0.0,1011.2,84.9,24.9,253.4,9.2
662,22.1,-6.235,106.773,2021-01-28T14:00:00+0000,0.0,1011.6,85.0,24.8,246.8,9.0
663,22.0,-6.235,106.773,2021-01-28T15:00:00+0000,0.0,1011.7,85.1,24.7,239.1,8.8
664,21.9,-6.235,106.773,2021-01-28T16:00:00+0000,0.0,1011.7,86.1,24.4,239.1,8.8
665,21.9,-6.235,106.773,2021-01-28T17:00:00+0000,0.0,1011.5,87.5,24.2,239.5,8.9
666,22.0,-6.235,106.773,2021-01-28T18:00:00+0000,0.0,1011.4,88.7,23.9,239.7,8.4
667,22.2,-6.235,106.773,2021-01-28T19:00:00+0000,0.648,1011.3,90.3,23.9,261.3,8.1
668,22.2,-6.235,106.773,2021-01-28T20:00:00+0000,0.281,1010.7,90.3,23.9,253.3,8.3
669,22.1,-6.235,106.773,2021-01-28T21:00:00+0000,0.173,1010.2,89.8,23.9,250.0,7.9
670,22.0,-6.235,106.773,2021-01-28T22:00:00+0000,0.05,1010.3,89.2,23.9,243.0,8.1
671,21.8,-6.235,106.773,2021-01-28T23:00:00+0000,0.0,1010.5,88.7,23.8,247.4,8.1
672,22.1,-6.235,106.773,2021-01-29T00:00:00+0000,0.0,1011.1,84.3,25.0,255.2,8.5
673,22.7,-6.235,106.773,2021-01-29T01:00:00+0000,0.763,1011.7,80.7,26.3,285.4,12.8
674,22.8,-6.235,106.773,2021-01-29T02:00:00+0000,0.425,1011.8,77.5,27.0,286.2,14.7
675,22.7,-6.235,106.773,2021-01-29T03:00:00+0000,0.335,1011.7,76.5,27.2,280.8,13.6
676,22.6,-6.235,106.773,2021-01-29T04:00:00+0000,0.205,1011.1,70.2,28.5,273.0,15.2
677,22.4,-6.235,106.773,2021-01-29T05:00:00+0000,0.162,1010.7,65.6,29.6,267.6,17.2
678,22.3,-6.235,106.773,2021-01-29T06:00:00+0000,0.097,1010.0,62.7,30.2,265.7,19.2
679,22.2,-6.235,106.773,2021-01-29T07:00:00+0000,0.151,1009.7,63.0,30.1,278.9,18.5
680,22.3,-6.235,106.773,2021-01-29T08:00:00+0000,0.382,1009.3,65.8,29.4,279.7,18.8
681,22.5,-6.235,106.773,2021-01-29T09:00:00+0000,0.936,1009.4,71.4,28.2,280.0,17.8
682,22.8,-6.235,106.773,2021-01-29T10:00:00+0000,0.59,1010.0,77.4,27.1,277.3,14.1
683,22.8,-6.235,106.773,2021-01-29T11:00:00+0000,0.173,1010.6,83.4,25.9,273.4,10.2
684,22.7,-6.235,106.773,2021-01-29T12:00:00+0000,0.166,1011.1,86.8,25.1,262.8,8.0
685,22.6,-6.235,106.773,2021-01-29T13:00:00+0000,0.749,1011.6,88.2,24.7,233.6,8.3
686,22.5,-6.235,106.773,2021-01-29T14:00:00+0000,0.641,1012.0,89.0,24.5,226.7,8.6
687,22.4,-6.235,106.773,2021-01-29T15:00:00+0000,0.522,1012.3,89.3,24.3,231.6,8.8
688,22.4,-6.235,106.773,2021-01-29T16:00:00+0000,0.464,1012.3,89.6,24.2,241.6,8.9
689,22.4,-6.235,106.773,2021-01-29T17:00:00+0000,0.504,1012.5,90.0,24.2,251.3,9.0
690,22.4,-6.235,106.773,2021-01-29T18:00:00+0000,0.662,1012.2,90.6,24.1,257.5,9.2
691,22.4,-6.235,106.773,2021-01-29T19:00:00+0000,0.616,1011.6,91.3,24.0,231.6,7.7
692,22.4,-6.235,106.773,2021-01-29T20:00:00+0000,0.486,1011.1,91.1,23.9,245.0,7.2
693,22.3,-6.235,106.773,2021-01-29T21:00:00+0000,0.497,1010.7,91.1,23.9,262.2,7.7
694,22.3,-6.235,106.773,2021-01-29T22:00:00+0000,0.691,1010.8,91.2,23.9,268.8,8.8
695,22.3,-6.235,106.773,2021-01-29T23:00:00+0000,0.644,1011.0,91.4,23.8,272.3,10.0
696,22.6,-6.235,106.773,2021-01-30T00:00:00+0000,0.565,1011.5,88.9,24.5,277.0,10.3
697,23.1,-6.235,106.773,2021-01-30T01:00:00+0000,1.825,1011.7,87.0,25.4,297.6,15.0
698,23.1,-6.235,106.773,2021-01-30T02:00:00+0000,1.019,1011.9,86.0,25.6,296.0,18.1
699,23.2,-6.235,106.773,2021-01-30T03:00:00+0000,0.839,1012.3,84.3,26.1,296.8,18.5
700,23.4,-6.235,106.773,2021-01-30T04:00:00+0000,0.925,1012.1,81.9,26.7,297.4,18.5
701,23.4,-6.235,106.773,2021-01-30T05:00:00+0000,0.81,1011.8,80.1,27.2,297.3,18.1
702,23.4,-6.235,106.773,2021-01-30T06:00:00+0000,0.587,1011.2,77.7,27.7,298.9,17.1
703,23.2,-6.235,106.773,2021-01-30T07:00:00+0000,0.713,1010.6,76.6,27.7,301.7,15.4
704,23.2,-6.235,106.773,2021-01-30T08:00:00+0000,0.634,1010.1,76.9,27.6,304.6,14.6
705,23.2,-6.235,106.773,2021-01-30T09:00:00+0000,0.382,1009.7,78.0,27.4,305.5,13.7
706,23.3,-6.235,106.773,2021-01-30T10:00:00+0000,0.389,1010.3,81.3,26.8,301.9,11.4
707,23.2,-6.235,106.773,2021-01-30T11:00:00+0000,0.187,1010.8,86.0,25.7,294.8,8.9
708,22.9,-6.235,106.773,2021-01-30T12:00:00+0000,0.072,1011.5,88.2,25.0,282.9,8.7
709,23.0,-6.235,106.773,2021-01-30T13:00:00+0000,0.266,1011.8,90.1,24.8,278.8,6.1
710,23.0,-6.235,106.773,2021-01-30T14:00:00+0000,0.065,1012.0,89.7,24.8,263.7,6.5
711,22.9,-6.235,106.773,2021-01-30T15:00:00+0000,0.317,1012.2,89.3,24.8,251.1,7.6
712,22.9,-6.235,106.773,2021-01-30T16:00:00+0000,0.36,1012.5,89.2,24.8,252.7,8.1
713,22.8,-6.235,106.773,2021-01-30T17:00:00+0000,0.306,1012.6,89.2,24.7,252.9,9.2
714,22.7,-6.235,106.773,2021-01-30T18:00:00+0000,0.263,1012.4,89.3,24.6,258.5,9.7
715,22.7,-6.235,106.773,2021-01-30T19:00:00+0000,0.338,1011.9,90.1,24.5,256.5,6.2
716,22.7,-6.235,106.773,2021-01-30T20:00:00+0000,0.806,1011.6,90.6,24.3,271.4,7.6
717,22.7,-6.235,106.773,2021-01-30T21:00:00+0000,1.145,1011.5,91.4,24.2,283.8,9.7
718,22.8,-6.235,106.773,2021-01-30T22:00:00+0000,1.224,1011.7,92.1,24.2,285.1,10.5
719,22.8,-6.235,106.773,2021-01-30T23:00:00+0000,1.058,1012.0,92.4,24.1,286.8,11.4
720,22.7,-6.235,106.773,2021-01-31T00:00:00+0000,0.763,1012.3,92.0,24.1,285.3,11.1
721,23.0,-6.235,106.773,2021-01-31T01:00:00+0000,0.23,1013.1,90.8,24.6,288.4,8.9
722,23.1,-6.235,106.773,2021-01-31T02:00:00+0000,0.151,1013.3,85.1,25.8,296.6,11.7
723,23.1,-6.235,106.773,2021-01-31T03:00:00+0000,0.061,1013.2,81.2,26.6,304.4,13.3
724,23.1,-6.235,106.773,2021-01-31T04:00:00+0000,0.004,1012.6,78.3,27.2,302.6,14.2
725,23.0,-6.235,106.773,2021-01-31T05:00:00+0000,0.004,1012.0,75.6,27.7,300.7,14.2
726,23.0,-6.235,106.773,2021-01-31T06:00:00+0000,0.004,1011.1,73.7,28.1,295.4,12.6
727,22.8,-6.235,106.773,2021-01-31T07:00:00+0000,0.0,1011.1,70.3,28.8,303.4,15.0
728,22.9,-6.235,106.773,2021-01-31T08:00:00+0000,0.288,1010.3,68.7,29.3,304.3,13.3
729,23.0,-6.235,106.773,2021-01-31T09:00:00+0000,0.371,1009.8,69.6,29.2,310.1,11.0
730,23.2,-6.235,106.773,2021-01-31T10:00:00+0000,0.119,1009.8,72.8,28.5,310.5,8.5
731,23.5,-6.235,106.773,2021-01-31T11:00:00+0000,0.032,1010.1,80.7,27.1,309.2,5.0
732,23.1,-6.235,106.773,2021-01-31T12:00:00+0000,0.011,1010.7,86.2,25.6,302.0,4.1
733,22.9,-6.235,106.773,2021-01-31T13:00:00+0000,0.0,1012.0,86.5,25.3,291.2,3.1
734,22.8,-6.235,106.773,2021-01-31T14:00:00+0000,0.0,1012.7,84.7,25.6,265.0,4.1
735,22.7,-6.235,106.773,2021-01-31T15:00:00+0000,0.022,1013.1,85.0,25.5,243.7,4.1
736,22.6,-6.235,106.773,2021-01-31T16:00:00+0000,0.338,1012.8,85.3,25.3,238.7,4.6
737,22.4,-6.235,106.773,2021-01-31T17:00:00+0000,0.0,1012.6,84.9,25.1,233.1,5.2
738,22.1,-6.235,106.773,2021-01-31T18:00:00+0000,0.007,1012.3,86.6,24.5,232.6,5.0
739,22.0,-6.235,106.773,2021-01-31T19:00:00+0000,0.0,1012.2,88.0,24.1,224.7,4.6
740,21.9,-6.235,106.773,2021-01-31T20:00:00+0000,0.0,1012.2,88.5,23.9,213.5,4.8
741,21.8,-6.235,106.773,2021-01-31T21:00:00+0000,0.0,1012.0,88.2,23.9,213.4,5.2
742,21.8,-6.235,106.773,2021-01-31T22:00:00+0000,0.0,1012.0,88.8,23.8,216.8,5.0
743,21.8,-6.235,106.773,2021-01-31T23:00:00+0000,0.018,1012.2,89.4,23.7,215.8,4.6
744,,-6.235,106.773,2021-02-01T00:00:00+0000,,,,,,
